date,ensemble,dji
2022-01-04,1000000.0,1000000.0
2022-01-05,1012284.8073874512,1006135.0437946115
2022-01-06,1021700.4966467286,995754.9762391701
2022-01-07,1023158.4296629182,998140.8483573644
2022-01-10,1047466.6924239198,1009016.6374754799
2022-01-11,1051516.8808089297,1012713.2088912973
2022-01-12,1054008.3835427058,1021620.403889078
2022-01-13,1046997.1795784724,1023044.8528817699
2022-01-14,1051643.8947139855,1022839.8684915171
2022-01-17,1066936.7827872622,1024274.6287015476
2022-01-18,1040615.0318415606,1015018.2227925153
2022-01-19,1042438.9347100604,1004057.9208487463
2022-01-20,1028320.4331086812,993462.4924248446
2022-01-21,1026410.5030397114,986321.321809308
2022-01-24,1009154.8288674168,960498.1832026615
2022-01-25,1014862.0732839818,966623.5031277577
2022-01-27,990427.440898728,956913.4036558355
2022-01-28,987904.7517490392,955631.810705889
2022-01-31,998086.9964677356,969230.1527665583
2022-02-01,1007862.5722708364,983404.160954709
2022-02-02,1006732.0715922054,995028.0354168128
2022-02-03,996682.7080057797,982158.657265447
2022-02-04,996517.6251503108,979766.2590603296
2022-02-07,982449.678815472,962664.7135393723
2022-02-08,984028.1662634092,965795.3426972239
2022-02-09,999173.851452557,976778.2249017465
2022-02-10,1000917.88692619,984464.3890362261
2022-02-11,984067.146939816,971548.2188416222
2022-02-14,955177.710762463,942360.0992957178
2022-02-15,984483.4153666652,971366.597842554
2022-02-16,982758.7898939176,968937.9145941446
2022-02-17,976759.3955305142,967189.2496031161
2022-02-18,973807.2236016812,966202.8315646986
2022-02-21,964742.2298813747,963707.1906644588
2022-02-22,954999.0417710232,957309.9939581488
2022-02-23,958375.3719712186,956163.5562683783
2022-02-24,921416.9749531216,911019.3499782485
2022-02-25,946688.1595219084,933216.1378643694
2022-02-28,960477.22163197,939711.0953527865
2022-03-02,957860.4966474692,926706.8229847215
2022-03-03,944991.678265206,920588.485972633
2022-03-04,919975.5668153388,907743.123821144
2022-03-07,900109.456203217,882832.3321663385
2022-03-08,899209.4300927434,892544.6505078144
2022-03-09,930811.3330790716,912981.0264464451
2022-03-10,948510.2799048164,926631.5119416296
2022-03-11,953457.3685212714,928066.7942386138
2022-03-14,959175.8547675024,943699.6438975409
2022-03-15,956778.3632210928,931851.7288713694
2022-03-16,972257.31261612,949223.3891300713
2022-03-17,999526.4288291328,966720.0892142187
2022-03-21,995131.2459497076,957173.1419153726
2022-03-22,1004131.7230310064,968814.6368121684
2022-03-23,1000392.4946374518,963727.7478382663
2022-03-24,987258.137703858,962238.4948024286
2022-03-25,962631.7240991218,958337.7873876583
2022-03-28,966404.7467646262,962201.8834547903
2022-03-29,966290.0240787512,968051.9330334727
2022-03-30,964607.8730028692,980420.6297961029
2022-03-31,968554.7058886116,978491.3879799137
2022-04-01,967495.734712464,990322.79200617
2022-04-04,968031.1498125616,1012627.1298047827
2022-04-05,979823.7897356574,1005355.698494262
2022-04-06,972264.966127259,995898.1585862617
2022-04-07,951848.9311823128,986284.0578529774
2022-04-08,946072.6897506112,993171.1026437308
2022-04-11,942990.0305234992,985108.2527720532
2022-04-12,943833.6997129524,978622.6928488053
2022-04-13,930470.2797758186,974655.8109126354
2022-04-18,934199.2109891976,955072.2640131075
2022-04-19,918903.789510926,943317.5415081969
2022-04-20,942321.2231962288,952913.1081546197
2022-04-21,963166.9334013067,967517.838079691
2022-04-22,964483.1658994758,955580.3198800662
2022-04-25,962455.7166196906,945267.9278460167
2022-04-26,962320.4285032356,958244.3990837896
2022-04-27,947329.496893128,949269.202260271
2022-04-28,957910.6878873908,960991.8164175203
2022-04-29,936737.014623841,953303.5639352252
2022-05-02,923931.1251890266,951885.4452468486
2022-05-04,900339.2727109992,930050.3983588718
2022-05-05,904572.0720884406,930605.050486461
2022-05-06,887500.5452024543,916126.0782563967
2022-05-09,894249.4884245002,910029.6688963695
2022-05-10,906210.4535123908,908261.751948918
2022-05-11,893849.8705656135,903642.9791900056
2022-05-12,879964.3060361946,884295.1545501378
2022-05-13,863281.959219178,882011.5462140277
2022-05-16,877241.6816770637,885022.4216768416
2022-05-17,911828.6134550178,907486.8443876762
2022-05-18,913402.4456235968,905650.1424840558
2022-05-19,887843.9608366096,881988.3133445818
2022-05-20,908682.7063505256,907619.1934304754
2022-05-23,939172.575323304,906987.990303279
2022-05-24,927749.5067045296,903045.1896278551
2022-05-25,922256.556875428,897977.2263060298
2022-05-26,927067.8643247688,906385.240915067
2022-05-27,943417.0621702278,916946.0810782766
2022-05-30,953328.0513364876,934339.1469020861
2022-05-31,950397.0239774788,928335.9300633201
2022-06-01,945046.6569425666,925241.1943835451
2022-06-02,944896.23691388,932541.0141721809
2022-06-03,924133.247701844,931724.4049155009
2022-06-06,924712.0984098518,930155.4683583329
2022-06-07,933030.0363676156,920666.3421896248
2022-06-08,941475.120092591,917076.8638602144
2022-06-09,947046.705602845,924223.9079539817
2022-06-10,942829.3821317756,907235.7858237468
2022-06-13,933639.4520017708,882898.3109051303
2022-06-14,924081.0913297737,880340.0195704295
2022-06-15,925845.831899842,877797.5866269515
2022-06-16,917192.8351041876,860328.9487165732
2022-06-17,916275.7377015082,858067.3985542629
2022-06-20,913198.5162230995,862033.8889252174
2022-06-21,927064.0146972206,877641.8741929678
2022-06-22,925556.3851348428,865787.7593842194
2022-06-23,979364.405154374,873191.9965636237
2022-06-24,989391.0630370644,880914.9025674801
2022-06-27,999985.8219481972,888153.9644868622
2022-06-28,1005108.0544005898,888424.0792246069
2022-06-29,1005755.6884795692,885910.0347592442
2022-06-30,1000837.10328975,885775.9236729757
2022-07-01,992070.1870757608,883921.2750303169
2022-07-04,997692.9585448768,889381.7172196938
2022-07-05,987724.2068206336,887704.0560543878
2022-07-06,1018754.8968841104,898005.7453058836
2022-07-07,1017548.1285430458,905147.7643127202
2022-07-08,1003235.6105320444,910216.2497214993
2022-07-11,1007862.5026829232,908769.2857289228
2022-07-12,997243.1845676888,900271.86372904
2022-07-13,1001196.4246189584,894049.2398479213
2022-07-14,1014665.2207615364,892411.975160669
2022-07-15,1038692.5277073372,898169.6806093903
2022-07-18,1030978.9775364388,910872.9698485648
2022-07-19,1031509.9175999154,914990.7349143953
2022-07-20,1037154.2391941536,925514.5069038821
2022-07-21,1041543.7834780586,930266.2160534167
2022-07-22,1045880.844803132,936786.5600199646
2022-07-25,1022642.9119723212,931674.0887853242
2022-07-26,1011630.7457507028,923358.6140888558
2022-07-27,1027259.8634112251,932511.1246940733
2022-07-28,1034004.6286776436,949910.7166048059
2022-07-29,1040687.1969759834,961813.6465437387
2022-08-01,1067569.7182085884,970923.0197143949
2022-08-02,1085827.960579194,971271.5127560853
2022-08-03,1069936.9514109811,974849.6356942496
2022-08-04,1073952.2778269968,973985.3860030315
2022-08-05,1059375.103693696,975474.4432562615
2022-08-08,1068127.1633250436,983245.4465207407
2022-08-10,1064483.356074067,982647.6569585903
2022-08-11,1057374.0476634223,991256.8708274647
2022-08-12,1043963.3610179146,993431.7545554371
2022-08-16,1077590.3633982858,999770.8038272628
2022-08-17,1070297.2952830514,1006752.8684436157
2022-08-18,1071298.9038035593,1007385.5725708045
2022-08-19,1052806.0062205514,996495.2302788505
2022-08-22,1035635.9363352974,981922.2823970943
2022-08-23,1047479.0398509224,986223.1042011162
2022-08-24,1045345.1351268012,987127.424066042
2022-08-25,1047634.7796580512,981936.4440057173
2022-08-26,1045518.644037934,982924.6893484733
2022-08-29,1057381.0073191845,968535.9729005547
2022-08-30,1086347.0327098093,994672.8857664608
2022-09-01,1078534.8875071723,981800.6361368488
2022-09-02,1065953.1961582268,982414.4146119609
2022-09-05,1070116.006651696,989809.7110522806
2022-09-06,1064791.2054889763,988991.2092303929
2022-09-07,1054034.4067164697,986183.1645491472
2022-09-08,1054660.413141732,997198.089840462
2022-09-09,1071252.1624334725,998950.9967879904
2022-09-12,1070053.2686041268,1004330.3849777832
2022-09-13,1069763.93779358,1011947.8294169633
2022-09-14,1074076.8472021492,1008203.6828274768
2022-09-15,1097771.9873074272,1001304.4995150464
2022-09-16,1094926.383542291,983040.2663478804
2022-09-19,1104398.0423252496,988059.6755829982
2022-09-20,1110977.3599827203,997724.6797942821
2022-09-21,1103879.6850559623,993331.5138602991
2022-09-22,1119931.7076084528,987700.2839761464
2022-09-23,1113876.7161838922,970646.0525853812
2022-09-26,1058063.8355381405,954712.7418845173
2022-09-27,1052431.84133648,954082.9092355745
2022-09-28,1047051.7715453118,945575.1760183534
2022-09-29,1036690.02862539,942428.9495127558
2022-09-30,1058778.8643187494,959419.0947299368
2022-10-03,1029124.9090323572,948758.2749150663
2022-10-04,1046473.96721412,970087.158501292
2022-10-06,1047846.1029893808,972703.9888356925
2022-10-07,1055684.677696412,972189.2110992032
2022-10-10,1063638.3388902596,968844.8525946221
2022-10-11,1030605.3226984874,954747.8522321632
2022-10-12,1045511.5012885828,962743.5486694027
2022-10-13,1041949.0859672328,956218.1796159241
2022-10-14,1053385.1092445157,967656.321644198
2022-10-17,1049127.4022361538,975859.5476455902
2022-10-18,1072931.9703132412,985041.9477289151
2022-10-19,1084604.5846092007,987490.9923685244
2022-10-20,1097487.3673087857,989089.9489255385
2022-10-21,1102831.3197089932,990831.6310035595
2022-10-24,1130393.4507056973,999594.5342194715
2022-10-25,1113078.72423475,994788.0059397832
2022-10-27,1110057.5991279385,998344.5275302324
2022-10-28,1116979.5337592862,1001736.2001650056
2022-10-31,1131717.681128671,1014880.0655323544
2022-11-01,1140915.6188117764,1021141.1280654499
2022-11-02,1130686.798491647,1017544.7973447702
2022-11-03,1131719.4903861785,1016380.6739594383
2022-11-04,1132240.7379752896,1018284.3987757583
2022-11-07,1134382.311484506,1022206.9685817207
2022-11-09,1126081.473883798,1019674.2595077582
2022-11-10,1116402.5106117032,1012659.8907611362
2022-11-11,1127202.3630897305,1032396.2786164016
2022-11-14,1116289.663184335,1029541.2461093101
2022-11-15,1115210.2012702725,1033698.5592618943
2022-11-16,1117468.1925880215,1035498.3887743996
2022-11-17,1116553.779502084,1031653.8709680367
2022-11-18,1112620.2098151944,1030198.3578015909
2022-11-21,1104503.4780189297,1021533.5416721323
2022-11-22,1101390.3404609463,1026113.2231703756
2022-11-23,1099276.8214484951,1027643.8515973054
2022-11-24,1109601.15543287,1040376.1166624181
2022-11-25,1103370.818701913,1040726.3064867085
2022-11-28,1114353.2552253506,1044254.1132946963
2022-11-29,1125190.5592109463,1047211.8664099566
2022-11-30,1131791.439322641,1054192.103721971
2022-12-01,1130407.7360145352,1057275.2229670228
2022-12-02,1116153.873114755,1050330.3570461313
2022-12-05,1116412.1132270596,1049764.0232229496
2022-12-06,1123200.62267225,1046284.966284277
2022-12-07,1126897.9851905606,1042681.6526505897
2022-12-08,1128820.3868781826,1045354.7378542669
2022-12-09,1143830.3696052334,1038855.6689310884
2022-12-12,1154541.8944160244,1038001.9262398161
2022-12-13,1152249.3022681973,1044730.2565966012
2022-12-14,1142883.6761543057,1047146.2139755108
2022-12-15,1127106.8444282317,1032462.9752247551
2022-12-16,1126193.4377509854,1024757.4286121142
2022-12-19,1141248.4482337737,1032582.5983980546
2022-12-20,1140200.248099496,1030846.7245373952
2022-12-21,1146349.6976539397,1020237.0692440011
2022-12-22,1140780.3381416104,1016210.4083516161
2022-12-23,1126773.4451209805,999822.2293922164
2022-12-26,1120864.6057807703,1011870.0384608408
2022-12-27,1121106.2295448086,1017901.3174733757
2022-12-28,1122731.6896735928,1017614.8222574544
2022-12-29,1120089.982413461,1021350.4196730718
2022-12-30,1108344.57038038,1016452.9830025455
2023-01-02,1107519.80525892,1021916.9492788609
2023-01-03,1114099.381812265,1024028.8562680259
2023-01-04,1102800.7206031582,1013390.8124965167
2023-01-05,1115903.1647865078,1008308.9486095454
2023-01-06,1119434.0491554043,
